1,1,Bulbasaur,Bulbasaur,Grass,Poison
2,2,Ivysaur,Ivysaur,Grass,Poison
3,3,Venusaur,Venusaur,Grass,Poison
4,4,Charmander,Charmander,Fire,
5,5,Charmeleon,Charmeleon,Fire,
6,6,Charizard,Charizard,Fire,Flying
7,7,Squirtle,Squirtle,Water,
8,8,Wartortle,Wartortle,Water,
9,9,Blastoise,Blastoise,Water,
10,10,Caterpie,Caterpie,Bug,
11,11,Metapod,Metapod,Bug,
12,12,Butterfree,Butterfree,Bug,Flying
13,13,Weedle,Weedle,Bug,Poison
14,14,Kakuna,Kakuna,Bug,Poison
15,15,Beedrill,Beedrill,Bug,Poison
16,16,Pidgey,Pidgey,Normal,Flying
17,17,Pidgeotto,Pidgeotto,Normal,Flying
18,18,Pidgeot,Pidgeot,Normal,Flying
19,19,Rattata,Rattata,Normal,
,19,Rattata,Rattata,Dark,Normal
20,20,Raticate,Raticate,Normal,
,20,Raticate,Raticate,Dark,Normal
21,21,Spearow,Spearow,Normal,Flying
22,22,Fearow,Fearow,Normal,Flying
23,23,Ekans,Ekans,Poison,
24,24,Arbok,Arbok,Poison,
25,25,Pikachu,Pikachu,Electric,
26,26,Raichu,Raichu,Electric,
,26,Raichu,Raichu,Electric,Psychic
27,27,Sandshrew,Sandshrew,Ground,
,27,Sandshrew,Sandshrew,Ice,Steel
28,28,Sandslash,Sandslash,Ground,
,28,Sandslash,Sandslash,Ice,Steel
29,29,Nidoran♀,Nidoran♀,Poison,
30,30,Nidorina,Nidorina,Poison,
31,31,Nidoqueen,Nidoqueen,Poison,Ground
32,32,Nidoran♂,Nidoran♂,Poison,
33,33,Nidorino,Nidorino,Poison,
34,34,Nidoking,Nidoking,Poison,Ground
35,35,Clefairy,Clefairy,Fairy,
36,36,Clefable,Clefable,Fairy,
37,37,Vulpix,Vulpix,Fire,
,37,Vulpix,Vulpix,Ice,
38,38,Ninetales,Ninetales,Fire,
,38,Ninetales,Ninetales,Ice,Fairy
39,39,Jigglypuff,Jigglypuff,Normal,Fairy
40,40,Wigglytuff,Wigglytuff,Normal,Fairy
41,41,Zubat,Zubat,Poison,Flying
42,42,Golbat,Golbat,Poison,Flying
43,43,Oddish,Oddish,Grass,Poison
44,44,Gloom,Gloom,Grass,Poison
45,45,Vileplume,Vileplume,Grass,Poison
46,46,Paras,Paras,Bug,Grass
47,47,Parasect,Parasect,Bug,Grass
48,48,Venonat,Venonat,Bug,Poison
49,49,Venomoth,Venomoth,Bug,Poison
50,50,Diglett,Diglett,Ground,
,50,Diglett,Diglett,Ground,Steel
51,51,Dugtrio,Dugtrio,Ground,
,51,Dugtrio,Dugtrio,Ground,Steel
52,52,Meowth,Meowth,Normal,
,52,Meowth,Meowth,Dark,
,52,Meowth,Meowth,Steel,
53,53,Persian,Persian,Normal,
,53,Persian,Persian,Dark,
54,54,Psyduck,Psyduck,Water,
55,55,Golduck,Golduck,Water,
56,56,Mankey,Mankey,Fighting,
57,57,Primeape,Primeape,Fighting,
58,58,Growlithe,Growlithe,Fire,
59,59,Arcanine,Arcanine,Fire,
60,60,Poliwag,Poliwag,Water,
61,61,Poliwhirl,Poliwhirl,Water,
62,62,Poliwrath,Poliwrath,Water,Fighting
63,63,Abra,Abra,Psychic,
64,64,Kadabra,Kadabra,Psychic,
65,65,Alakazam,Alakazam,Psychic,
66,66,Machop,Machop,Fighting,
67,67,Machoke,Machoke,Fighting,
68,68,Machamp,Machamp,Fighting,
69,69,Bellsprout,Bellsprout,Grass,Poison
70,70,Weepinbell,Weepinbell,Grass,Poison
71,71,Victreebel,Victreebel,Grass,Poison
72,72,Tentacool,Tentacool,Water,Poison
73,73,Tentacruel,Tentacruel,Water,Poison
74,74,Geodude,Geodude,Rock,Ground
,74,Geodude,Geodude,Rock,Electric
75,75,Graveler,Graveler,Rock,Ground
,75,Graveler,Graveler,Rock,Electric
76,76,Golem,Golem,Rock,Ground
,76,Golem,Golem,Rock,Electric
77,77,Ponyta,Ponyta,Fire,
,77,Ponyta,Ponyta,Psychic,
78,78,Rapidash,Rapidash,Fire,
,78,Rapidash,Rapidash,Psychic,Fairy
79,79,Slowpoke,Slowpoke,Water,Psychic
,79,Slowpoke,Slowpoke,Psychic,
80,80,Slowbro,Slowbro,Water,Psychic
81,81,Magnemite,Magnemite,Electric,Steel
82,82,Magneton,Magneton,Electric,Steel
83,83,Farfetch'd,Farfetch'd,Normal,Flying
,83,Farfetch'd,Farfetch'd,Fighting,
84,84,Doduo,Doduo,Normal,Flying
85,85,Dodrio,Dodrio,Normal,Flying
86,86,Seel,Seel,Water,
87,87,Dewgong,Dewgong,Water,Ice
88,88,Grimer,Grimer,Poison,
,88,Grimer,Grimer,Poison,Dark
89,89,Muk,Muk,Poison,
,89,Muk,Muk,Poison,Dark
90,90,Shellder,Shellder,Water,
91,91,Cloyster,Cloyster,Water,Ice
92,92,Gastly,Gastly,Ghost,Poison
93,93,Haunter,Haunter,Ghost,Poison
94,94,Gengar,Gengar,Ghost,Poison
95,95,Onix,Onix,Rock,Ground
96,96,Drowzee,Drowzee,Psychic,
97,97,Hypno,Hypno,Psychic,
98,98,Krabby,Krabby,Water,
99,99,Kingler,Kingler,Water,
100,100,Voltorb,Voltorb,Electric,
101,101,Electrode,Electrode,Electric,
102,102,Exeggcute,Exeggcute,Grass,Psychic
103,103,Exeggutor,Exeggutor,Grass,Psychic
,103,Exeggutor,Exeggutor,Grass,Dragon
104,104,Cubone,Cubone,Ground,
105,105,Marowak,Marowak,Ground,
,105,Marowak,Marowak,Fire,Ghost
106,106,Hitmonlee,Hitmonlee,Fighting,
107,107,Hitmonchan,Hitmonchan,Fighting,
108,108,Lickitung,Lickitung,Normal,
109,109,Koffing,Koffing,Poison,
110,110,Weezing,Weezing,Poison,
,110,Weezing,Weezing,Poison,Fairy
111,111,Rhyhorn,Rhyhorn,Ground,Rock
112,112,Rhydon,Rhydon,Ground,Rock
113,113,Chansey,Chansey,Normal,
114,114,Tangela,Tangela,Grass,
115,115,Kangaskhan,Kangaskhan,Normal,
116,116,Horsea,Horsea,Water,
117,117,Seadra,Seadra,Water,
118,118,Goldeen,Goldeen,Water,
119,119,Seaking,Seaking,Water,
120,120,Staryu,Staryu,Water,
121,121,Starmie,Starmie,Water,Psychic
122,122,Mr. Mime,Mr. Mime,Psychic,Fairy
,122,Mr. Mime,Mr. Mime,Ice,Psychic
123,123,Scyther,Scyther,Bug,Flying
124,124,Jynx,Jynx,Ice,Psychic
125,125,Electabuzz,Electabuzz,Electric,
126,126,Magmar,Magmar,Fire,
127,127,Pinsir,Pinsir,Bug,
128,128,Tauros,Tauros,Normal,
129,129,Magikarp,Magikarp,Water,
130,130,Gyarados,Gyarados,Water,Flying
131,131,Lapras,Lapras,Water,Ice
132,132,Ditto,Ditto,Normal,
133,133,Eevee,Eevee,Normal,
134,134,Vaporeon,Vaporeon,Water,
135,135,Jolteon,Jolteon,Electric,
136,136,Flareon,Flareon,Fire,
137,137,Porygon,Porygon,Normal,
138,138,Omanyte,Omanyte,Rock,Water
139,139,Omastar,Omastar,Rock,Water
140,140,Kabuto,Kabuto,Rock,Water
141,141,Kabutops,Kabutops,Rock,Water
142,142,Aerodactyl,Aerodactyl,Rock,Flying
143,143,Snorlax,Snorlax,Normal,
144,144,Articuno,Articuno,Ice,Flying
145,145,Zapdos,Zapdos,Electric,Flying
146,146,Moltres,Moltres,Fire,Flying
147,147,Dratini,Dratini,Dragon,
148,148,Dragonair,Dragonair,Dragon,
149,149,Dragonite,Dragonite,Dragon,Flying
150,150,Mewtwo,Mewtwo,Psychic,
151,151,Mew,Mew,Psychic,
1,152,Chikorita,Chikorita,Grass,
2,153,Bayleef,Bayleef,Grass,
3,154,Meganium,Meganium,Grass,
4,155,Cyndaquil,Cyndaquil,Fire,
5,156,Quilava,Quilava,Fire,
6,157,Typhlosion,Typhlosion,Fire,
7,158,Totodile,Totodile,Water,
8,159,Croconaw,Croconaw,Water,
9,160,Feraligatr,Feraligatr,Water,
19,161,Sentret,Sentret,Normal,
20,162,Furret,Furret,Normal,
15,163,Hoothoot,Hoothoot,Normal,Flying
16,164,Noctowl,Noctowl,Normal,Flying
30,165,Ledyba,Ledyba,Bug,Flying
31,166,Ledian,Ledian,Bug,Flying
32,167,Spinarak,Spinarak,Bug,Poison
33,168,Ariados,Ariados,Bug,Poison
39,169,Crobat,Crobat,Poison,Flying
176,170,Chinchou,Chinchou,Water,Electric
177,171,Lanturn,Lanturn,Water,Electric
21,172,Pichu,Pichu,Electric,
40,173,Cleffa,Cleffa,Fairy,
44,174,Igglybuff,Igglybuff,Normal,Fairy
46,175,Togepi,Togepi,Fairy,
47,176,Togetic,Togetic,Fairy,Flying
161,177,Natu,Natu,Psychic,Flying
162,178,Xatu,Xatu,Psychic,Flying
53,179,Mareep,Mareep,Electric,
54,180,Flaaffy,Flaaffy,Electric,
55,181,Ampharos,Ampharos,Electric,
86,182,Bellossom,Bellossom,Grass,
132,183,Marill,Marill,Water,Fairy
133,184,Azumarill,Azumarill,Water,Fairy
107,185,Sudowoodo,Sudowoodo,Rock,
75,186,Politoed,Politoed,Water,
67,187,Hoppip,Hoppip,Grass,Flying
68,188,Skiploom,Skiploom,Grass,Flying
69,189,Jumpluff,Jumpluff,Grass,Flying
123,190,Aipom,Aipom,Normal,
103,191,Sunkern,Sunkern,Grass,
104,192,Sunflora,Sunflora,Grass,
101,193,Yanma,Yanma,Bug,Flying
56,194,Wooper,Wooper,Water,Ground
57,195,Quagsire,Quagsire,Water,Ground
188,196,Espeon,Espeon,Psychic,
189,197,Umbreon,Umbreon,Dark,
213,198,Murkrow,Murkrow,Dark,Flying
82,199,Slowking,Slowking,Water,Psychic
219,200,Misdreavus,Misdreavus,Ghost,
61,201,Unown,Unown,Psychic,
108,202,Wobbuffet,Wobbuffet,Psychic,
149,203,Girafarig,Girafarig,Normal,Psychic
93,204,Pineco,Pineco,Bug,
94,205,Forretress,Forretress,Bug,Steel
52,206,Dunsparce,Dunsparce,Normal,
193,207,Gligar,Gligar,Ground,Flying
63,208,Steelix,Steelix,Steel,Ground
125,209,Snubbull,Snubbull,Fairy,
126,210,Granbull,Granbull,Fairy,
163,211,Qwilfish,Qwilfish,Water,Poison
112,212,Scizor,Scizor,Bug,Steel
168,213,Shuckle,Shuckle,Bug,Rock
114,214,Heracross,Heracross,Bug,Fighting
218,215,Sneasel,Sneasel,Dark,Ice
198,216,Teddiursa,Teddiursa,Normal,
199,217,Ursaring,Ursaring,Normal,
216,218,Slugma,Slugma,Fire,
217,219,Magcargo,Magcargo,Fire,Rock
195,220,Swinub,Swinub,Ice,Ground
196,221,Piloswine,Piloswine,Ice,Ground
173,222,Corsola,Corsola,Water,Rock
,222,Corsola,Corsola,Ghost,
174,223,Remoraid,Remoraid,Water,
175,224,Octillery,Octillery,Water,
194,225,Delibird,Delibird,Ice,Flying
202,226,Mantine,Mantine,Water,Flying
203,227,Skarmory,Skarmory,Steel,Flying
214,228,Houndour,Houndour,Dark,Fire
215,229,Houndoom,Houndoom,Dark,Fire
192,230,Kingdra,Kingdra,Water,Dragon
200,231,Phanpy,Phanpy,Ground,
201,232,Donphan,Donphan,Ground,
221,233,Porygon2,Porygon2,Normal,
131,234,Stantler,Stantler,Normal,
159,235,Smeargle,Smeargle,Normal,
145,236,Tyrogue,Tyrogue,Fighting,
148,237,Hitmontop,Hitmontop,Fighting,
154,238,Smoochum,Smoochum,Ice,Psychic
156,239,Elekid,Elekid,Electric,
152,240,Magby,Magby,Fire,
151,241,Miltank,Miltank,Normal,
223,242,Blissey,Blissey,Normal,
243,243,Raikou,Raikou,Electric,
244,244,Entei,Entei,Fire,
245,245,Suicune,Suicune,Water,
249,246,Larvitar,Larvitar,Rock,Ground
250,247,Pupitar,Pupitar,Rock,Ground
251,248,Tyranitar,Tyranitar,Rock,Dark
252,249,Lugia,Lugia,Psychic,Flying
253,250,Ho-Oh,Ho-Oh,Fire,Flying
256,251,Celebi,Celebi,Psychic,Grass
1,252,Treecko,Treecko,Grass,
2,253,Grovyle,Grovyle,Grass,
3,254,Sceptile,Sceptile,Grass,
4,255,Torchic,Torchic,Fire,
5,256,Combusken,Combusken,Fire,Fighting
6,257,Blaziken,Blaziken,Fire,Fighting
7,258,Mudkip,Mudkip,Water,
8,259,Marshtomp,Marshtomp,Water,Ground
9,260,Swampert,Swampert,Water,Ground
10,261,Poochyena,Poochyena,Dark,
11,262,Mightyena,Mightyena,Dark,
12,263,Zigzagoon,Zigzagoon,Normal,
,263,Zigzagoon,Zigzagoon,Dark,Normal
13,264,Linoone,Linoone,Normal,
,264,Linoone,Linoone,Dark,Normal
14,265,Wurmple,Wurmple,Bug,
15,266,Silcoon,Silcoon,Bug,
16,267,Beautifly,Beautifly,Bug,Flying
17,268,Cascoon,Cascoon,Bug,
18,269,Dustox,Dustox,Bug,Poison
19,270,Lotad,Lotad,Water,Grass
20,271,Lombre,Lombre,Water,Grass
21,272,Ludicolo,Ludicolo,Water,Grass
22,273,Seedot,Seedot,Grass,
23,274,Nuzleaf,Nuzleaf,Grass,Dark
24,275,Shiftry,Shiftry,Grass,Dark
25,276,Taillow,Taillow,Normal,Flying
26,277,Swellow,Swellow,Normal,Flying
27,278,Wingull,Wingull,Water,Flying
28,279,Pelipper,Pelipper,Water,Flying
29,280,Ralts,Ralts,Psychic,Fairy
30,281,Kirlia,Kirlia,Psychic,Fairy
31,282,Gardevoir,Gardevoir,Psychic,Fairy
32,283,Surskit,Surskit,Bug,Water
33,284,Masquerain,Masquerain,Bug,Flying
34,285,Shroomish,Shroomish,Grass,
35,286,Breloom,Breloom,Grass,Fighting
36,287,Slakoth,Slakoth,Normal,
37,288,Vigoroth,Vigoroth,Normal,
38,289,Slaking,Slaking,Normal,
42,290,Nincada,Nincada,Bug,Ground
43,291,Ninjask,Ninjask,Bug,Flying
44,292,Shedinja,Shedinja,Bug,Ghost
45,293,Whismur,Whismur,Normal,
46,294,Loudred,Loudred,Normal,
47,295,Exploud,Exploud,Normal,
48,296,Makuhita,Makuhita,Fighting,
49,297,Hariyama,Hariyama,Fighting,
54,298,Azurill,Azurill,Normal,Fairy
60,299,Nosepass,Nosepass,Rock,
61,300,Skitty,Skitty,Normal,
62,301,Delcatty,Delcatty,Normal,
68,302,Sableye,Sableye,Dark,Ghost
69,303,Mawile,Mawile,Steel,Fairy
70,304,Aron,Aron,Steel,Rock
71,305,Lairon,Lairon,Steel,Rock
72,306,Aggron,Aggron,Steel,Rock
76,307,Meditite,Meditite,Fighting,Psychic
77,308,Medicham,Medicham,Fighting,Psychic
78,309,Electrike,Electrike,Electric,
79,310,Manectric,Manectric,Electric,
80,311,Plusle,Plusle,Electric,
81,312,Minun,Minun,Electric,
86,313,Volbeat,Volbeat,Bug,
87,314,Illumise,Illumise,Bug,
94,315,Roselia,Roselia,Grass,Poison
95,316,Gulpin,Gulpin,Poison,
96,317,Swalot,Swalot,Poison,
97,318,Carvanha,Carvanha,Water,Dark
98,319,Sharpedo,Sharpedo,Water,Dark
99,320,Wailmer,Wailmer,Water,
100,321,Wailord,Wailord,Water,
101,322,Numel,Numel,Fire,Ground
102,323,Camerupt,Camerupt,Fire,Ground
105,324,Torkoal,Torkoal,Fire,
110,325,Spoink,Spoink,Psychic,
111,326,Grumpig,Grumpig,Psychic,
114,327,Spinda,Spinda,Normal,
116,328,Trapinch,Trapinch,Ground,
117,329,Vibrava,Vibrava,Ground,Dragon
118,330,Flygon,Flygon,Ground,Dragon
119,331,Cacnea,Cacnea,Grass,
120,332,Cacturne,Cacturne,Grass,Dark
121,333,Swablu,Swablu,Normal,Flying
122,334,Altaria,Altaria,Dragon,Flying
123,335,Zangoose,Zangoose,Normal,
124,336,Seviper,Seviper,Poison,
125,337,Lunatone,Lunatone,Rock,Psychic
126,338,Solrock,Solrock,Rock,Psychic
127,339,Barboach,Barboach,Water,Ground
128,340,Whiscash,Whiscash,Water,Ground
129,341,Corphish,Corphish,Water,
130,342,Crawdaunt,Crawdaunt,Water,Dark
131,343,Baltoy,Baltoy,Ground,Psychic
132,344,Claydol,Claydol,Ground,Psychic
133,345,Lileep,Lileep,Rock,Grass
134,346,Cradily,Cradily,Rock,Grass
135,347,Anorith,Anorith,Rock,Bug
136,348,Armaldo,Armaldo,Rock,Bug
140,349,Feebas,Feebas,Water,
141,350,Milotic,Milotic,Water,
142,351,Castform,Castform,Normal,
142,351,Castform,Castform,Fire,
142,351,Castform,Castform,Water,
142,351,Castform,Castform,Ice,
145,352,Kecleon,Kecleon,Normal,
146,353,Shuppet,Shuppet,Ghost,
147,354,Banette,Banette,Ghost,
148,355,Duskull,Duskull,Ghost,
149,356,Dusclops,Dusclops,Ghost,
150,357,Tropius,Tropius,Grass,Flying
151,358,Chimecho,Chimecho,Psychic,
152,359,Absol,Absol,Dark,
160,360,Wynaut,Wynaut,Psychic,
171,361,Snorunt,Snorunt,Ice,
172,362,Glalie,Glalie,Ice,
173,363,Spheal,Spheal,Ice,Water
174,364,Sealeo,Sealeo,Ice,Water
175,365,Walrein,Walrein,Ice,Water
176,366,Clamperl,Clamperl,Water,
177,367,Huntail,Huntail,Water,
178,368,Gorebyss,Gorebyss,Water,
179,369,Relicanth,Relicanth,Water,Rock
183,370,Luvdisc,Luvdisc,Water,
187,371,Bagon,Bagon,Dragon,
188,372,Shelgon,Shelgon,Dragon,
189,373,Salamence,Salamence,Dragon,Flying
190,374,Beldum,Beldum,Steel,Psychic
191,375,Metang,Metang,Steel,Psychic
192,376,Metagross,Metagross,Steel,Psychic
193,377,Regirock,Regirock,Rock,
194,378,Regice,Regice,Ice,
195,379,Registeel,Registeel,Steel,
196,380,Latias,Latias,Dragon,Psychic
197,381,Latios,Latios,Dragon,Psychic
198,382,Kyogre,Kyogre,Water,
199,383,Groudon,Groudon,Ground,
200,384,Rayquaza,Rayquaza,Dragon,Flying
201,385,Jirachi,Jirachi,Steel,Psychic
202,386,Deoxys,Deoxys,Psychic,
202,386,Deoxys,Deoxys,Psychic,
202,386,Deoxys,Deoxys,Psychic,
202,386,Deoxys,Deoxys,Psychic,
1,387,Turtwig,Turtwig,Grass,
2,388,Grotle,Grotle,Grass,
3,389,Torterra,Torterra,Grass,Ground
4,390,Chimchar,Chimchar,Fire,
5,391,Monferno,Monferno,Fire,Fighting
6,392,Infernape,Infernape,Fire,Fighting
7,393,Piplup,Piplup,Water,
8,394,Prinplup,Prinplup,Water,
9,395,Empoleon,Empoleon,Water,Steel
10,396,Starly,Starly,Normal,Flying
11,397,Staravia,Staravia,Normal,Flying
12,398,Staraptor,Staraptor,Normal,Flying
13,399,Bidoof,Bidoof,Normal,
14,400,Bibarel,Bibarel,Normal,Water
15,401,Kricketot,Kricketot,Bug,
16,402,Kricketune,Kricketune,Bug,
17,403,Shinx,Shinx,Electric,
18,404,Luxio,Luxio,Electric,
19,405,Luxray,Luxray,Electric,
25,406,Budew,Budew,Grass,Poison
27,407,Roserade,Roserade,Grass,Poison
36,408,Cranidos,Cranidos,Rock,
37,409,Rampardos,Rampardos,Rock,
38,410,Shieldon,Shieldon,Rock,Steel
39,411,Bastiodon,Bastiodon,Rock,Steel
45,412,Burmy,Burmy,Bug,
45,412,Burmy,Burmy,Bug,
45,412,Burmy,Burmy,Bug,
46,413,Wormadam,Wormadam,Bug,Grass
46,413,Wormadam,Wormadam,Bug,Ground
46,413,Wormadam,Wormadam,Bug,Steel
47,414,Mothim,Mothim,Bug,Flying
53,415,Combee,Combee,Bug,Flying
54,416,Vespiquen,Vespiquen,Bug,Flying
55,417,Pachirisu,Pachirisu,Electric,
56,418,Buizel,Buizel,Water,
57,419,Floatzel,Floatzel,Water,
58,420,Cherubi,Cherubi,Grass,
59,421,Cherrim,Cherrim,Grass,
60,422,Shellos,Shellos,Water,
60,422,Shellos,Shellos,Water,
61,423,Gastrodon,Gastrodon,Water,Ground
61,423,Gastrodon,Gastrodon,Water,Ground
64,424,Ambipom,Ambipom,Normal,
65,425,Drifloon,Drifloon,Ghost,Flying
66,426,Drifblim,Drifblim,Ghost,Flying
67,427,Buneary,Buneary,Normal,
68,428,Lopunny,Lopunny,Normal,
73,429,Mismagius,Mismagius,Ghost,
75,430,Honchkrow,Honchkrow,Dark,Flying
76,431,Glameow,Glameow,Normal,
77,432,Purugly,Purugly,Normal,
82,433,Chingling,Chingling,Psychic,
84,434,Stunky,Stunky,Poison,Dark
85,435,Skuntank,Skuntank,Poison,Dark
88,436,Bronzor,Bronzor,Steel,Psychic
89,437,Bronzong,Bronzong,Steel,Psychic
92,438,Bonsly,Bonsly,Rock,
94,439,Mime Jr.,Mime Jr.,Psychic,Fairy
96,440,Happiny,Happiny,Normal,
102,441,Chatot,Chatot,Normal,Flying
108,442,Spiritomb,Spiritomb,Ghost,Dark
109,443,Gible,Gible,Dragon,Ground
110,444,Gabite,Gabite,Dragon,Ground
111,445,Garchomp,Garchomp,Dragon,Ground
112,446,Munchlax,Munchlax,Normal,
115,447,Riolu,Riolu,Fighting,
116,448,Lucario,Lucario,Fighting,Steel
122,449,Hippopotas,Hippopotas,Ground,
123,450,Hippowdon,Hippowdon,Ground,
127,451,Skorupi,Skorupi,Poison,Bug
128,452,Drapion,Drapion,Poison,Dark
129,453,Croagunk,Croagunk,Poison,Fighting
130,454,Toxicroak,Toxicroak,Poison,Fighting
131,455,Carnivine,Carnivine,Grass,
134,456,Finneon,Finneon,Water,
135,457,Lumineon,Lumineon,Water,
140,458,Mantyke,Mantyke,Water,Flying
142,459,Snover,Snover,Grass,Ice
143,460,Abomasnow,Abomasnow,Grass,Ice
145,461,Weavile,Weavile,Dark,Ice
180,462,Magnezone,Magnezone,Electric,Steel
162,463,Lickilicky,Lickilicky,Normal,
188,464,Rhyperior,Rhyperior,Ground,Rock
182,465,Tangrowth,Tangrowth,Grass,
199,466,Electivire,Electivire,Electric,
202,467,Magmortar,Magmortar,Fire,
175,468,Togekiss,Togekiss,Fairy,Flying
184,469,Yanmega,Yanmega,Bug,Flying
169,470,Leafeon,Leafeon,Grass,
170,471,Glaceon,Glaceon,Ice,
154,472,Gliscor,Gliscor,Ground,Flying
205,473,Mamoswine,Mamoswine,Ice,Ground
194,474,Porygon-Z,Porygon-Z,Normal,
160,475,Gallade,Gallade,Psychic,Fighting
156,476,Probopass,Probopass,Rock,Steel
191,477,Dusknoir,Dusknoir,Ghost,
208,478,Froslass,Froslass,Ice,Ghost
152,479,Rotom,Rotom,Electric,Ghost
152,479,Rotom,Rotom,Electric,Fire
152,479,Rotom,Rotom,Electric,Water
152,479,Rotom,Rotom,Electric,Ice
152,479,Rotom,Rotom,Electric,Flying
152,479,Rotom,Rotom,Electric,Grass
146,480,Uxie,Uxie,Psychic,
147,481,Mesprit,Mesprit,Psychic,
148,482,Azelf,Azelf,Psychic,
149,483,Dialga,Dialga,Steel,Dragon
150,484,Palkia,Palkia,Water,Dragon
,485,Heatran,Heatran,Fire,Steel
,486,Regigigas,Regigigas,Normal,
210,487,Giratina,Giratina,Ghost,Dragon
210,487,Giratina,Giratina,Ghost,Dragon
,488,Cresselia,Cresselia,Psychic,
,489,Phione,Phione,Water,
151,490,Manaphy,Manaphy,Water,
,491,Darkrai,Darkrai,Dark,
,492,Shaymin,Shaymin,Grass,
,492,Shaymin,Shaymin,Grass,Flying
,493,Arceus,Arceus,Normal,
0,494,Victini,Victini,Psychic,Fire
1,495,Snivy,Snivy,Grass,
2,496,Servine,Servine,Grass,
3,497,Serperior,Serperior,Grass,
4,498,Tepig,Tepig,Fire,
5,499,Pignite,Pignite,Fire,Fighting
6,500,Emboar,Emboar,Fire,Fighting
7,501,Oshawott,Oshawott,Water,
8,502,Dewott,Dewott,Water,
9,503,Samurott,Samurott,Water,
10,504,Patrat,Patrat,Normal,
11,505,Watchog,Watchog,Normal,
12,506,Lillipup,Lillipup,Normal,
13,507,Herdier,Herdier,Normal,
14,508,Stoutland,Stoutland,Normal,
15,509,Purrloin,Purrloin,Dark,
16,510,Liepard,Liepard,Dark,
17,511,Pansage,Pansage,Grass,
18,512,Simisage,Simisage,Grass,
19,513,Pansear,Pansear,Fire,
20,514,Simisear,Simisear,Fire,
21,515,Panpour,Panpour,Water,
22,516,Simipour,Simipour,Water,
23,517,Munna,Munna,Psychic,
24,518,Musharna,Musharna,Psychic,
25,519,Pidove,Pidove,Normal,Flying
26,520,Tranquill,Tranquill,Normal,Flying
27,521,Unfezant,Unfezant,Normal,Flying
27,521,Unfezant,Unfezant,Normal,Flying
28,522,Blitzle,Blitzle,Electric,
29,523,Zebstrika,Zebstrika,Electric,
30,524,Roggenrola,Roggenrola,Rock,
31,525,Boldore,Boldore,Rock,
32,526,Gigalith,Gigalith,Rock,
33,527,Woobat,Woobat,Psychic,Flying
34,528,Swoobat,Swoobat,Psychic,Flying
35,529,Drilbur,Drilbur,Ground,
36,530,Excadrill,Excadrill,Ground,Steel
37,531,Audino,Audino,Normal,
38,532,Timburr,Timburr,Fighting,
39,533,Gurdurr,Gurdurr,Fighting,
40,534,Conkeldurr,Conkeldurr,Fighting,
41,535,Tympole,Tympole,Water,
42,536,Palpitoad,Palpitoad,Water,Ground
43,537,Seismitoad,Seismitoad,Water,Ground
44,538,Throh,Throh,Fighting,
45,539,Sawk,Sawk,Fighting,
46,540,Sewaddle,Sewaddle,Bug,Grass
47,541,Swadloon,Swadloon,Bug,Grass
48,542,Leavanny,Leavanny,Bug,Grass
49,543,Venipede,Venipede,Bug,Poison
50,544,Whirlipede,Whirlipede,Bug,Poison
51,545,Scolipede,Scolipede,Bug,Poison
52,546,Cottonee,Cottonee,Grass,Fairy
53,547,Whimsicott,Whimsicott,Grass,Fairy
54,548,Petilil,Petilil,Grass,
55,549,Lilligant,Lilligant,Grass,
56,550,Basculin,Basculin,Water,
56,550,Basculin,Basculin,Water,
57,551,Sandile,Sandile,Ground,Dark
58,552,Krokorok,Krokorok,Ground,Dark
59,553,Krookodile,Krookodile,Ground,Dark
60,554,Darumaka,Darumaka,Fire,
,554,Darumaka,Darumaka,Ice,
61,555,Darmanitan,Darmanitan,Fire,
61,555,Darmanitan,Darmanitan,Fire,Psychic
,555,Darmanitan,Darmanitan,Ice,
,555,Darmanitan,Darmanitan,Ice,Fire
62,556,Maractus,Maractus,Grass,
63,557,Dwebble,Dwebble,Bug,Rock
64,558,Crustle,Crustle,Bug,Rock
65,559,Scraggy,Scraggy,Dark,Fighting
66,560,Scrafty,Scrafty,Dark,Fighting
67,561,Sigilyph,Sigilyph,Psychic,Flying
68,562,Yamask,Yamask,Ghost,
,562,Yamask,Yamask,Ground,Ghost
69,563,Cofagrigus,Cofagrigus,Ghost,
70,564,Tirtouga,Tirtouga,Water,Rock
71,565,Carracosta,Carracosta,Water,Rock
72,566,Archen,Archen,Rock,Flying
73,567,Archeops,Archeops,Rock,Flying
74,568,Trubbish,Trubbish,Poison,
75,569,Garbodor,Garbodor,Poison,
76,570,Zorua,Zorua,Dark,
77,571,Zoroark,Zoroark,Dark,
78,572,Minccino,Minccino,Normal,
79,573,Cinccino,Cinccino,Normal,
80,574,Gothita,Gothita,Psychic,
81,575,Gothorita,Gothorita,Psychic,
82,576,Gothitelle,Gothitelle,Psychic,
83,577,Solosis,Solosis,Psychic,
84,578,Duosion,Duosion,Psychic,
85,579,Reuniclus,Reuniclus,Psychic,
86,580,Ducklett,Ducklett,Water,Flying
87,581,Swanna,Swanna,Water,Flying
88,582,Vanillite,Vanillite,Ice,
89,583,Vanillish,Vanillish,Ice,
90,584,Vanilluxe,Vanilluxe,Ice,
91,585,Deerling,Deerling,Normal,Grass
92,586,Sawsbuck,Sawsbuck,Normal,Grass
93,587,Emolga,Emolga,Electric,Flying
94,588,Karrablast,Karrablast,Bug,
95,589,Escavalier,Escavalier,Bug,Steel
96,590,Foongus,Foongus,Grass,Poison
97,591,Amoonguss,Amoonguss,Grass,Poison
98,592,Frillish,Frillish,Water,Ghost
98,592,Frillish,Frillish,Water,Ghost
99,593,Jellicent,Jellicent,Water,Ghost
99,593,Jellicent,Jellicent,Water,Ghost
100,594,Alomomola,Alomomola,Water,
101,595,Joltik,Joltik,Bug,Electric
102,596,Galvantula,Galvantula,Bug,Electric
103,597,Ferroseed,Ferroseed,Grass,Steel
104,598,Ferrothorn,Ferrothorn,Grass,Steel
105,599,Klink,Klink,Steel,
106,600,Klang,Klang,Steel,
107,601,Klinklang,Klinklang,Steel,
108,602,Tynamo,Tynamo,Electric,
109,603,Eelektrik,Eelektrik,Electric,
110,604,Eelektross,Eelektross,Electric,
111,605,Elgyem,Elgyem,Psychic,
112,606,Beheeyem,Beheeyem,Psychic,
113,607,Litwick,Litwick,Ghost,Fire
114,608,Lampent,Lampent,Ghost,Fire
115,609,Chandelure,Chandelure,Ghost,Fire
116,610,Axew,Axew,Dragon,
117,611,Fraxure,Fraxure,Dragon,
118,612,Haxorus,Haxorus,Dragon,
119,613,Cubchoo,Cubchoo,Ice,
120,614,Beartic,Beartic,Ice,
121,615,Cryogonal,Cryogonal,Ice,
122,616,Shelmet,Shelmet,Bug,
123,617,Accelgor,Accelgor,Bug,
124,618,Stunfisk,Stunfisk,Ground,Electric
,618,Stunfisk,Stunfisk,Ground,Steel
125,619,Mienfoo,Mienfoo,Fighting,
126,620,Mienshao,Mienshao,Fighting,
127,621,Druddigon,Druddigon,Dragon,
128,622,Golett,Golett,Ground,Ghost
129,623,Golurk,Golurk,Ground,Ghost
130,624,Pawniard,Pawniard,Dark,Steel
131,625,Bisharp,Bisharp,Dark,Steel
132,626,Bouffalant,Bouffalant,Normal,
133,627,Rufflet,Rufflet,Normal,Flying
134,628,Braviary,Braviary,Normal,Flying
135,629,Vullaby,Vullaby,Dark,Flying
136,630,Mandibuzz,Mandibuzz,Dark,Flying
137,631,Heatmor,Heatmor,Fire,
138,632,Durant,Durant,Bug,Steel
139,633,Deino,Deino,Dark,Dragon
140,634,Zweilous,Zweilous,Dark,Dragon
141,635,Hydreigon,Hydreigon,Dark,Dragon
142,636,Larvesta,Larvesta,Bug,Fire
143,637,Volcarona,Volcarona,Bug,Fire
144,638,Cobalion,Cobalion,Steel,Fighting
145,639,Terrakion,Terrakion,Rock,Fighting
146,640,Virizion,Virizion,Grass,Fighting
147,641,Tornadus,Tornadus,Flying,
148,642,Thundurus,Thundurus,Electric,Flying
149,643,Reshiram,Reshiram,Dragon,Fire
150,644,Zekrom,Zekrom,Dragon,Electric
151,645,Landorus,Landorus,Ground,Flying
152,646,Kyurem,Kyurem,Dragon,Ice
153,647,Keldeo,Keldeo,Water,Fighting
154,648,Meloetta,Meloetta,Normal,Psychic
154,648,Meloetta,Meloetta,Normal,Fighting
155,649,Genesect,Genesect,Bug,Steel
001Ce,650,Chespin,Chespin,Grass,
002Ce,651,Quilladin,Quilladin,Grass,
003Ce,652,Chesnaught,Chesnaught,Grass,Fighting
004Ce,653,Fennekin,Fennekin,Fire,
005Ce,654,Braixen,Braixen,Fire,
006Ce,655,Delphox,Delphox,Fire,Psychic
007Ce,656,Froakie,Froakie,Water,
008Ce,657,Frogadier,Frogadier,Water,
009Ce,658,Greninja,Greninja,Water,Dark
010Ce,659,Bunnelby,Bunnelby,Normal,
011Ce,660,Diggersby,Diggersby,Normal,Ground
014Ce,661,Fletchling,Fletchling,Normal,Flying
015Ce,662,Fletchinder,Fletchinder,Fire,Flying
016Ce,663,Talonflame,Talonflame,Fire,Flying
020Ce,664,Scatterbug,Scatterbug,Bug,
021Ce,665,Spewpa,Spewpa,Bug,
022Ce,666,Vivillon,Vivillon,Bug,Flying
057Ce,667,Litleo,Litleo,Fire,Normal
058Ce,668,Pyroar,Pyroar,Fire,Normal
068Ce,669,Flabébé,Flabébé,Fairy,
069Ce,670,Floette,Floette,Fairy,
070Ce,671,Florges,Florges,Fairy,
089Ce,672,Skiddo,Skiddo,Grass,
090Ce,673,Gogoat,Gogoat,Grass,
091Ce,674,Pancham,Pancham,Fighting,
092Ce,675,Pangoro,Pangoro,Fighting,Dark
093Ce,676,Furfrou,Furfrou,Normal,
114Ce,677,Espurr,Espurr,Psychic,
115Ce,678,Meowstic,Meowstic,Psychic,
117Ce,679,Honedge,Honedge,Steel,Ghost
118Ce,680,Doublade,Doublade,Steel,Ghost
119Ce,681,Aegislash,Aegislash,Steel,Ghost
129Ce,682,Spritzee,Spritzee,Fairy,
130Ce,683,Aromatisse,Aromatisse,Fairy,
131Ce,684,Swirlix,Swirlix,Fairy,
132Ce,685,Slurpuff,Slurpuff,Fairy,
010Co,686,Inkay,Inkay,Dark,Psychic
011Co,687,Malamar,Malamar,Dark,Psychic
021Co,688,Binacle,Binacle,Rock,Water
022Co,689,Barbaracle,Barbaracle,Rock,Water
030Co,690,Skrelp,Skrelp,Poison,Water
031Co,691,Dragalge,Dragalge,Poison,Dragon
032Co,692,Clauncher,Clauncher,Water,
033Co,693,Clawitzer,Clawitzer,Water,
046Co,694,Helioptile,Helioptile,Electric,Normal
047Co,695,Heliolisk,Heliolisk,Electric,Normal
064Co,696,Tyrunt,Tyrunt,Rock,Dragon
065Co,697,Tyrantrum,Tyrantrum,Rock,Dragon
066Co,698,Amaura,Amaura,Rock,Ice
067Co,699,Aurorus,Aurorus,Rock,Ice
085Co,700,Sylveon,Sylveon,Fairy,
089Co,701,Hawlucha,Hawlucha,Fighting,Flying
110Co,702,Dedenne,Dedenne,Electric,Fairy
124Co,703,Carbink,Carbink,Rock,Fairy
019Mo,704,Goomy,Goomy,Dragon,
020Mo,705,Sliggoo,Sliggoo,Dragon,
021Mo,706,Goodra,Goodra,Dragon,
050Mo,707,Klefki,Klefki,Steel,Fairy
061Mo,708,Phantump,Phantump,Ghost,Grass
062Mo,709,Trevenant,Trevenant,Ghost,Grass
063Mo,710,Pumpkaboo,Pumpkaboo,Ghost,Grass
064Mo,711,Gourgeist,Gourgeist,Ghost,Grass
079Mo,712,Bergmite,Bergmite,Ice,
080Mo,713,Avalugg,Avalugg,Ice,
113Mo,714,Noibat,Noibat,Flying,Dragon
114Mo,715,Noivern,Noivern,Flying,Dragon
148Mo,716,Xerneas,Xerneas,Fairy,
149Mo,717,Yveltal,Yveltal,Dark,Flying
150Mo,718,Zygarde,Zygarde,Dragon,Ground
151Ce,719,Diancie,Diancie,Rock,Fairy
152Ce,720,Hoopa,Hoopa,Psychic,Ghost
152Ce,720,Hoopa,Hoopa,Psychic,Dark
153Ce,721,Volcanion,Volcanion,Fire,Water
1,722,Rowlet,Rowlet,Grass,Flying
2,723,Dartrix,Dartrix,Grass,Flying
3,724,Decidueye,Decidueye,Grass,Ghost
4,725,Litten,Litten,Fire,
5,726,Torracat,Torracat,Fire,
6,727,Incineroar,Incineroar,Fire,Dark
7,728,Popplio,Popplio,Water,
8,729,Brionne,Brionne,Water,
9,730,Primarina,Primarina,Water,Fairy
10,731,Pikipek,Pikipek,Normal,Flying
11,732,Trumbeak,Trumbeak,Normal,Flying
12,733,Toucannon,Toucannon,Normal,Flying
13,734,Yungoos,Yungoos,Normal,
14,735,Gumshoos,Gumshoos,Normal,
27,736,Grubbin,Grubbin,Bug,
28,737,Charjabug,Charjabug,Bug,Electric
29,738,Vikavolt,Vikavolt,Bug,Electric
59,739,Crabrawler,Crabrawler,Fighting,
60,740,Crabominable,Crabominable,Fighting,Ice
82,741,Oricorio,Oricorio,Fire,Flying
82,741,Oricorio,Oricorio,Electric,Flying
82,741,Oricorio,Oricorio,Psychic,Flying
82,741,Oricorio,Oricorio,Ghost,Flying
83,742,Cutiefly,Cutiefly,Bug,Fairy
84,743,Ribombee,Ribombee,Bug,Fairy
103,744,Rockruff,Rockruff,Rock,
104,745,Lycanroc,Lycanroc,Rock,
110,746,Wishiwashi,Wishiwashi,Water,
113,747,Mareanie,Mareanie,Poison,Water
114,748,Toxapex,Toxapex,Poison,Water
132,749,Mudbray,Mudbray,Ground,
133,750,Mudsdale,Mudsdale,Ground,
141,751,Dewpider,Dewpider,Water,Bug
142,752,Araquanid,Araquanid,Water,Bug
143,753,Fomantis,Fomantis,Grass,
144,754,Lurantis,Lurantis,Grass,
145,755,Morelull,Morelull,Grass,Fairy
146,756,Shiinotic,Shiinotic,Grass,Fairy
161,757,Salandit,Salandit,Poison,Fire
162,758,Salazzle,Salazzle,Poison,Fire
169,759,Stufful,Stufful,Normal,Fighting
170,760,Bewear,Bewear,Normal,Fighting
171,761,Bounsweet,Bounsweet,Grass,
172,762,Steenee,Steenee,Grass,
173,763,Tsareena,Tsareena,Grass,
174,764,Comfey,Comfey,Fairy,
176,765,Oranguru,Oranguru,Normal,Psychic
177,766,Passimian,Passimian,Fighting,
182,767,Wimpod,Wimpod,Bug,Water
183,768,Golisopod,Golisopod,Bug,Water
186,769,Sandygast,Sandygast,Ghost,Ground
187,770,Palossand,Palossand,Ghost,Ground
200,771,Pyukumuku,Pyukumuku,Water,
203,772,Type: Null,Type: Null,Normal,
204,773,Silvally,Silvally,Normal,
213,774,Minior,Minior,Rock,Flying
222,775,Komala,Komala,Normal,
224,776,Turtonator,Turtonator,Fire,Dragon
225,777,Togedemaru,Togedemaru,Electric,Steel
242,778,Mimikyu,Mimikyu,Ghost,Fairy
243,779,Bruxish,Bruxish,Water,Psychic
244,780,Drampa,Drampa,Normal,Dragon
263,781,Dhelmise,Dhelmise,Ghost,Grass
271,782,Jangmo-o,Jangmo-o,Dragon,
272,783,Hakamo-o,Hakamo-o,Dragon,Fighting
273,784,Kommo-o,Kommo-o,Dragon,Fighting
285,785,Tapu Koko,Tapu Koko,Electric,Fairy
286,786,Tapu Lele,Tapu Lele,Psychic,Fairy
287,787,Tapu Bulu,Tapu Bulu,Grass,Fairy
288,788,Tapu Fini,Tapu Fini,Water,Fairy
289,789,Cosmog,Cosmog,Psychic,
290,790,Cosmoem,Cosmoem,Psychic,
291,791,Solgaleo,Solgaleo,Psychic,Steel
292,792,Lunala,Lunala,Psychic,Ghost
293,793,Nihilego,Nihilego,Rock,Poison
294,794,Buzzwole,Buzzwole,Bug,Fighting
295,795,Pheromosa,Pheromosa,Bug,Fighting
296,796,Xurkitree,Xurkitree,Electric,
297,797,Celesteela,Celesteela,Steel,Flying
298,798,Kartana,Kartana,Grass,Steel
299,799,Guzzlord,Guzzlord,Dark,Dragon
300,800,Necrozma,Necrozma,Psychic,
301,801,Magearna,Magearna,Steel,Fairy
302,802,Marshadow,Marshadow,Fighting,Ghost
261,803,Poipole,Poipole,Poison,
262,804,Naganadel,Naganadel,Poison,Dragon
392,805,Stakataka,Stakataka,Rock,Steel
393,806,Blacephalon,Blacephalon,Fire,Ghost
403,807,Zeraora,Zeraora,Electric,
---,808,Meltan,Meltan,Steel,
---,809,Melmetal,Melmetal,Steel,
1,810,Grookey,Grookey,Grass,
2,811,Thwackey,Thwackey,Grass,
3,812,Rillaboom,Rillaboom,Grass,
4,813,Scorbunny,Scorbunny,Fire,
5,814,Raboot,Raboot,Fire,
6,815,Cinderace,Cinderace,Fire,
7,816,Sobble,Sobble,Water,
8,817,Drizzile,Drizzile,Water,
9,818,Inteleon,Inteleon,Water,
24,819,Skwovet,Skwovet,Normal,
25,820,Greedent,Greedent,Normal,
21,821,Rookidee,Rookidee,Flying,
22,822,Corvisquire,Corvisquire,Flying,
23,823,Corviknight,Corviknight,Flying,Steel
10,824,Blipbug,Blipbug,Bug,
11,825,Dottler,Dottler,Bug,Psychic
12,826,Orbeetle,Orbeetle,Bug,Psychic
29,827,Nickit,Nickit,Dark,
30,828,Thievul,Thievul,Dark,
126,829,Gossifleur,Gossifleur,Grass,
127,830,Eldegoss,Eldegoss,Grass,
34,831,Wooloo,Wooloo,Normal,
35,832,Dubwool,Dubwool,Normal,
42,833,Chewtle,Chewtle,Water,
43,834,Drednaw,Drednaw,Water,Rock
46,835,Yamper,Yamper,Electric,
47,836,Boltund,Boltund,Electric,
161,837,Rolycoly,Rolycoly,Rock,
162,838,Carkol,Carkol,Rock,Fire
163,839,Coalossal,Coalossal,Rock,Fire
205,840,Applin,Applin,Grass,Dragon
206,841,Flapple,Flapple,Grass,Dragon
207,842,Appletun,Appletun,Grass,Dragon
312,843,Silicobra,Silicobra,Ground,
313,844,Sandaconda,Sandaconda,Ground,
309,845,Cramorant,Cramorant,Flying,Water
180,846,Arrokuda,Arrokuda,Water,
181,847,Barraskewda,Barraskewda,Water,
310,848,Toxel,Toxel,Electric,Poison
311,849,Toxtricity,Toxtricity,Electric,Poison
159,850,Sizzlipede,Sizzlipede,Fire,Bug
160,851,Centiskorch,Centiskorch,Fire,Bug
351,852,Clobbopus,Clobbopus,Fighting,
352,853,Grapploct,Grapploct,Fighting,
335,854,Sinistea,Sinistea,Ghost,
336,855,Polteageist,Polteageist,Ghost,
241,856,Hatenna,Hatenna,Psychic,
242,857,Hattrem,Hattrem,Psychic,
243,858,Hatterene,Hatterene,Psychic,Fairy
238,859,Impidimp,Impidimp,Dark,Fairy
239,860,Morgrem,Morgrem,Dark,Fairy
240,861,Grimmsnarl,Grimmsnarl,Dark,Fairy
33,862,Obstagoon,Obstagoon,Dark,Normal
183,863,Perrserker,Perrserker,Steel,
237,864,Cursola,Cursola,Ghost,
219,865,Sirfetch'd,Sirfetch'd,Fighting,
366,866,Mr. Rime,Mr. Rime,Ice,Psychic
328,867,Runerigus,Runerigus,Ground,Ghost
185,868,Milcery,Milcery,Fairy,
186,869,Alcremie,Alcremie,Fairy,
345,870,Falinks,Falinks,Fighting,
353,871,Pincurchin,Pincurchin,Electric,
349,872,Snom,Snom,Ice,Bug
350,873,Frosmoth,Frosmoth,Ice,Bug
369,874,Stonjourner,Stonjourner,Rock,
370,875,Eiscue,Eiscue,Ice,
337,876,Indeedee,Indeedee,Psychic,Normal
344,877,Morpeko,Morpeko,Electric,Dark
302,878,Cufant,Cufant,Steel,
303,879,Copperajah,Copperajah,Steel,
374,880,Dracozolt,Dracozolt,Electric,Dragon
375,881,Arctozolt,Arctozolt,Electric,Ice
376,882,Dracovish,Dracovish,Water,Dragon
377,883,Arctovish,Arctovish,Water,Ice
371,884,Duraludon,Duraludon,Steel,Dragon
395,885,Dreepy,Dreepy,Dragon,Ghost
396,886,Drakloak,Drakloak,Dragon,Ghost
397,887,Dragapult,Dragapult,Dragon,Ghost
398,888,Zacian,Zacian,Fairy,
398,888,Zacian,Zacian,Fairy,Steel
399,889,Zamazenta,Zamazenta,Fighting,
399,889,Zamazenta,Zamazenta,Fighting,Steel
400,890,Eternatus,Eternatus,Poison,Dragon
???,???,Kubfu,Kubfu,Fighting,
???,???,Urshifu,Urshifu,Fighting,Dark
???,???,Urshifu,Urshifu,Fighting,Water
???,???,Calyrex,Calyrex,Psychic,Grass
???,???,Zarude,Zarude,Dark,Grass
